alpha_id,strategy,gamma,base_spread,vol_mult,vol_window,order_notional,refresh_bars,target_pct,max_inv_mult,is_sharpe_mean,is_pnl_pct_mean,is_max_dd_worst,oos_sharpe_mean,oos_pnl_pct_mean,oos_max_dd_worst,n_sym_profit_oos,avg_fills,score
AV0108,avellaneda,5.032808898089439,0.005348425102029836,6.341153333692562,120,300.0,5,0.5,7.292782694479726,1.7211470150975068,0.3519419714617234,-0.8931444414276121,3.9989620245112567,0.3472451135533502,-0.41402314053329975,9,80.5,9.518815236211587
AV1650,avellaneda,0.7209260477987044,0.0006777570607579041,11.395013764570528,30,300.0,5,0.5,2.764898651396957,3.0660287760395706,1.336128056005051,-1.5631484871363863,2.6985538116893566,0.3659700232704636,-1.1939788159425007,9,111.7,9.291796720977167
AV3256,avellaneda,4.3390374711313635,0.0012996577453678103,14.251525114665153,240,300.0,3,0.4,10.392018475591987,3.387893238885419,0.8075775583637606,-0.5344085355515017,2.3730980671889528,0.2840583955912189,-0.49087751896056947,9,34.6,9.27753412241032
AV0922,avellaneda,6.728878347002465,0.0007211967658049308,17.07543465568634,120,200.0,5,0.4,10.423326516408181,2.827506012385708,0.5189988647369609,-0.5920156340283939,2.6156569034724075,0.20345296713099925,-0.37384885804061924,9,41.3,9.219142716166338
AV3544,avellaneda,0.6206879634345691,0.0012447487160562579,7.557358913867746,120,150.0,10,0.4,9.692997940021844,2.3625338013061308,0.7301528849912611,-0.9048591102350292,2.6560248744183452,0.29398139104804977,-0.5332228905380726,9,371.3,9.095496471731655
AV0165,avellaneda,7.552420640573224,0.0026748238058606575,11.447822188431795,480,200.0,5,0.4,3.04458499891779,2.4197990520147856,0.3905359717007596,-0.49460846099123956,3.5136934452232493,0.25966715884463154,-0.3753390894502991,8,73.5,8.70535479329545
AV3847,avellaneda,22.449797392986472,0.003981427533474587,20.196529022887628,480,75.0,5,0.6,4.107409913118579,3.681604343514807,0.5333153310815123,-0.3868595115033531,2.508706185726573,0.1742036757437636,-0.3327764733044387,8,73.5,8.627368792292634
AV1569,avellaneda,50.96797548634073,0.0027690969081475988,41.21640041577101,240,100.0,5,0.6,9.0758502579252,3.62701651046494,0.5110516395188351,-0.40336174190459134,2.355981716906499,0.1698508952588727,-0.33720906272303186,8,50.4,8.541652253604733
AV1379,avellaneda,45.186494239301894,0.0005042152980055132,41.28473756673176,120,100.0,10,0.5,11.652423025296951,3.5547266075731487,0.52241432381716,-0.41952209302917254,2.390868115126435,0.17424837026913703,-0.3607009248815666,8,54.0,8.534606448207478
AV2969,avellaneda,0.5719109273658007,0.00023965430371252812,8.642579285035978,30,300.0,3,0.5,11.517163304813568,1.260880736235923,0.672160184688024,-1.5422367086562918,2.0436817773480054,0.3160014282945068,-1.4060775383566944,9,253.2,8.43883648263954
AV3239,avellaneda,43.95184398860843,0.00040755712066855757,33.56593584338416,30,100.0,2,0.6,8.865106312707514,3.3915859890729982,0.47768523863890183,-0.4069879208839484,2.2684589264830066,0.16670524359311095,-0.3492782450159939,8,77.9,8.430662038425742
AV2424,avellaneda,2.668776934834888,0.0013833304459752492,12.116395944021836,240,300.0,3,0.6,6.741591866145271,3.3394133988054326,0.9830363598764817,-0.7116214639937789,2.2860805674105658,0.27662677785926826,-0.6008074012804718,8,49.1,8.416641973128298
AV3780,avellaneda,1.4848151914748349,0.002044214603229902,12.926978058849958,30,150.0,5,0.6,10.373413257406504,3.8269927336833947,0.6974639357617598,-0.5602502726305647,1.9426700767086493,0.17983244435066809,-0.4786221529368231,8,43.3,8.407968620995755
AV0916,avellaneda,2.0730005389625985,0.0037016119814864833,11.074003235112318,60,300.0,5,0.5,8.443780285893663,2.7388426402456068,0.7696022739395613,-0.8787724781911856,2.645641322386638,0.3456193873638512,-0.6231886666158243,8,32.6,8.402449618139828
AV3525,avellaneda,0.9852507870287764,0.0024081591692304578,3.8949470230390526,60,75.0,1,0.5,3.6876026031513494,3.514311289837939,0.5177626107903597,-0.47858718996290917,2.071844107782227,0.1350310202490964,-0.32097649729874317,8,161.3,8.378167127235388
AV0155,avellaneda,1.8948180871328193,0.004590023945831803,9.05225563608561,480,300.0,3,0.6,10.502670445202545,3.187552498365935,0.9145661794552671,-1.1947962029104202,2.2539798232985606,0.3230990142135143,-0.7487810673674539,8,29.2,8.351477727089167
AV2237,avellaneda,0.7636043433619553,0.0005169319131560817,7.9474161952184925,120,75.0,5,0.6,2.0533993129628163,3.1090668263970067,0.5159241791502847,-0.5810838559923104,2.0605355097062774,0.1574142047977257,-0.3375248621598439,8,309.7,8.252302671941155
AV2964,avellaneda,7.676794083019388,0.0005132782987130715,15.938745871465986,60,200.0,3,0.6,4.769988364453278,2.8736387779905637,0.46759266234085767,-0.4977870614042149,2.208163462799909,0.16499965127704128,-0.3167399100942021,8,45.1,8.24996076915364
AV2055,avellaneda,0.8953907938361536,0.00202059713656223,9.158100542205672,480,200.0,3,0.5,5.996540454891991,2.4416192491345465,0.9312647702044089,-1.268865640150616,2.5130872703757854,0.25600923862394664,-0.7093853048397614,8,74.8,8.241292667208999
AV2563,avellaneda,59.37488266148214,0.004566127361530208,36.63369801509736,60,200.0,5,0.6,7.58576367214933,3.0087690199577777,0.47593208738969955,-0.44337960264765575,2.0744976724638997,0.16220308198013844,-0.34155073113255635,8,29.8,8.228637861286547
AV1478,avellaneda,0.5921836769826501,0.0005606321877384166,9.79418447690747,30,100.0,5,0.5,4.583161547972066,3.9476492105616985,0.8179818623548144,-0.5252261558968349,1.461753884142481,0.12603950223521862,-0.5432607155257938,8,195.5,8.219571528279896
AV3711,avellaneda,3.735488754936943,0.00038413566515969297,17.500015888690157,480,300.0,5,0.6,7.848532861066943,2.335711328347463,0.6418652929636972,-0.8725761951875938,2.506914069847079,0.30886356408776555,-0.7799742331259404,8,39.7,8.206735361074891
AV2811,avellaneda,1.0503373455610914,0.0009043826611948515,7.7432660341593404,120,150.0,2,0.5,2.372292207665698,2.280855224976389,0.47705361838013777,-0.7454853097220621,2.502411401620936,0.22084347377236918,-0.3784683751744888,8,145.3,8.20530107361366
AV0187,avellaneda,0.7502484753290454,0.004245068106160459,3.474208921894789,480,100.0,2,0.4,6.442856208330258,2.4546231302707175,0.42640868840369694,-0.5807893663678079,2.382301373086537,0.21955091163825452,-0.3856878280224009,8,135.6,8.202845360219873
AV0820,avellaneda,0.6722603162650049,0.0006045040559738095,6.271062990636233,480,50.0,1,0.4,7.95552997206739,2.856775504028141,0.4376453521949533,-0.48546025712283153,2.091027826786278,0.13823537802549796,-0.33400517907566607,8,229.9,8.189013692759769
AV2134,avellaneda,36.751445065050085,0.000641444667881085,30.138100692881974,120,300.0,3,0.4,5.045684444153727,2.8212105601558894,0.51208378742061,-0.4953599078090701,2.0048445172731695,0.16413061683849992,-0.37150416891949134,8,22.0,8.139383400031605
AV2822,avellaneda,1.6677719239268904,0.0017757326987691503,7.354405247659734,240,300.0,1,0.6,4.697403799299336,2.489000762697792,0.6276095659212568,-0.9892602345329216,2.1582662618893496,0.27196116115565744,-0.5402467011199225,8,69.3,8.1072621374848
AV2386,avellaneda,0.7533192433528351,0.0010720328234944039,10.907069841588957,480,150.0,3,0.6,2.0249874755663972,2.5045332806695666,0.6378933668822374,-0.8726346002013087,2.124345896531746,0.1846880970217553,-0.5331143509010144,8,65.8,8.090103824347835
AV0350,avellaneda,2.3759291082519467,0.0009421063097613644,5.787823409502263,120,100.0,1,0.6,11.248557388727276,2.3169219931953284,0.3481265495495355,-0.5409748118634342,2.182397385733136,0.16117428369055778,-0.3431987764399673,8,236.8,8.069457437647356
AV0252,avellaneda,1.109476803467888,0.00041652737518578145,8.527881635319645,120,200.0,2,0.6,8.580714027196011,1.891705247031713,0.4768742450500886,-1.05930081721639,2.3878407380375455,0.2437622655501018,-0.663990275901433,8,155.3,8.021701470916332
AV0596,avellaneda,9.999769365745307,0.004291185240896944,8.695142450126065,30,75.0,3,0.6,6.351608966866131,3.92244984537383,0.557054064706972,-0.3837040047508708,2.7498622592000457,0.18051902404683096,-0.3346468331075994,7,104.3,8.00853568218946
AV0532,avellaneda,1.9517723961059354,0.002248464583728798,6.732660494355752,30,300.0,3,0.5,10.474093778571588,1.1742857304456438,0.29256816518666706,-0.9828558595580399,2.814400517685556,0.2994646453416845,-0.7303521326329792,8,139.0,7.998901995761551
AV0429,avellaneda,9.090507286432885,0.004902959967620289,10.185513905325628,480,100.0,1,0.6,9.421080896800087,4.343415374243753,0.6108178847212712,-0.3702220529003535,2.41684297523711,0.16316410904625808,-0.32727883212888625,7,37.9,7.984020349925793
AV3227,avellaneda,1.0019885330882679,0.0002363242916670269,10.70620962175814,30,200.0,10,0.6,6.408136581298328,1.6970748433844125,0.5381571721498131,-1.1129705910286973,2.4198889518939337,0.2902043805950779,-0.7280200108487589,8,332.9,7.9776076311642745
AV0641,avellaneda,1.7081609869893732,0.0027802960716774693,15.647983952934318,120,150.0,5,0.4,2.1738147456816286,2.5876996578524674,0.3852303955200405,-0.8081654084822002,1.7739715529749005,0.17482694007408828,-0.4540431374178479,8,20.7,7.961340663155302
AV2956,avellaneda,1.6948143554982384,0.0002840116806892653,13.237164455545097,30,100.0,3,0.5,11.99654718103468,2.649358736577059,0.4024383012969629,-0.5031178423916935,1.6613130278903614,0.12725227676125722,-0.30407573008076727,8,71.3,7.934334121859836
AV1589,avellaneda,13.426790803861191,0.0035106230159776645,12.391405375709486,240,75.0,10,0.6,6.135836519092236,3.461757359650999,0.512155150911498,-0.41068751257218533,2.8913930120885842,0.18684363706306975,-0.34516077094216596,7,132.0,7.9338919080436785
AV0908,avellaneda,24.972420543446262,0.001202706759041424,31.057209951668526,240,100.0,3,0.5,6.214284640143157,4.035149374166131,0.5786385216699309,-0.3672953213501205,2.4646387845027675,0.16312932539736175,-0.36231869989656845,7,34.3,7.9109434893140795
AV1160,avellaneda,16.740528667366117,0.0005127386757948261,18.29152958267527,480,75.0,3,0.6,10.505644774405512,3.8282880033604045,0.5532778455561111,-0.3856923715429912,2.5845913264107123,0.17546886567695402,-0.3391828843757685,7,103.2,7.905239034084553
AV0416,avellaneda,33.12103645133846,0.0004659147909534165,38.634158635330486,240,150.0,5,0.5,7.552488837399513,3.988289862953711,0.594977245874834,-0.4371929399240434,2.478649957024433,0.1811754541524424,-0.36599599121660503,7,21.5,7.9044137164063075
AV2418,avellaneda,12.822227219605171,0.004451005206062245,17.41551045551412,60,50.0,2,0.5,11.914858488615732,4.076214099631647,0.5936977959010256,-0.40080811797912247,2.393754685707189,0.16877370150585558,-0.35774249274229075,7,81.0,7.89209118501366
AV1146,avellaneda,37.16206064156528,0.0007627911476913203,41.393865137453965,120,100.0,3,0.4,8.859970137858836,3.9467293257416083,0.5520445415394079,-0.39988236476388916,2.4821497395178787,0.1527060604293765,-0.36691485117169576,7,33.5,7.891187774269577
AV1489,avellaneda,31.88726664348147,0.0006266917901007558,34.75602201663605,240,150.0,2,0.5,7.110172028646273,4.173332962543657,0.622440314804713,-0.36919013801265466,2.3210843307876226,0.16693598936845955,-0.38660213017261413,7,23.2,7.886646588956648
AV3380,avellaneda,1.6993008718378706,0.004664835372488325,11.974711143530048,240,200.0,5,0.6,4.392454620301127,2.461973674015329,0.49569381881935437,-0.7616718957542616,1.6949250516079455,0.17963598266995176,-0.5499020224532614,8,23.5,7.882685132694575
AV1577,avellaneda,20.419592946880602,0.0006769820854677306,28.698116833157123,120,100.0,10,0.4,7.295812506317745,3.9052685875011974,0.5574256192506237,-0.36838782492439354,2.477452595069569,0.16414023049353638,-0.3213976081058354,7,42.5,7.880281605984798
AV3467,avellaneda,38.79500165438081,0.00032329981920061824,40.899555189875784,240,150.0,3,0.5,4.974923937157861,3.9273687048330403,0.6070190210799356,-0.37676763440420474,2.465010147412483,0.17413138486633398,-0.39609656577385977,7,23.2,7.877629894628406
AV1627,avellaneda,4.487381515605425,0.005698746966933911,4.039143450976085,120,100.0,1,0.6,8.71348832692681,4.426642892424041,0.6293809401415947,-0.39996920560179205,2.1221260156383552,0.15725901117989455,-0.33701001104765965,7,60.4,7.8753096949960035
AV0678,avellaneda,28.667118800233304,0.0002260214075844189,33.539609100338595,60,150.0,10,0.4,5.229045401199223,3.7762118910811906,0.5702710752123876,-0.39869348235282814,2.5268812428742877,0.1744993127220914,-0.3442876202845218,7,36.7,7.863262814418483
AV0567,avellaneda,41.956821721130765,0.005673192412107986,30.987112358936088,240,150.0,5,0.6,6.349285822577034,3.8900700793280194,0.5584925709577273,-0.3669765741614174,2.399872352452041,0.1711737609748452,-0.3816175260898308,7,28.6,7.837760431714423
AV2888,avellaneda,8.919024688720242,0.004078398387297844,6.263225137670247,120,50.0,1,0.4,5.112802487379062,3.9342977606422807,0.5491388020691175,-0.4222327202253473,2.3588305151249545,0.1635192007164078,-0.3500948104008421,7,187.8,7.833838907432176
AV2036,avellaneda,1.421058402966018,0.002631724355563173,12.60959399189096,480,75.0,10,0.4,4.919574874724007,2.492240783886083,0.3480435570255722,-0.5148634906346888,1.5445205010028695,0.1144889965659404,-0.3658298878151618,8,67.5,7.829915787073483
AV2410,avellaneda,7.555751370026499,0.005310265746817608,18.042604483279266,480,50.0,1,0.4,9.565618722240266,4.3121710130336055,0.535583293728152,-0.3719487600284447,2.100786135537249,0.13122161684150524,-0.3561989969533351,7,35.4,7.828130854431964
AV0109,avellaneda,11.532705995270042,0.004344849370147811,5.745509924129754,60,75.0,1,0.4,9.912793352649356,3.6102312150877203,0.51521115708873,-0.421450557664848,2.5559180255904286,0.17181835137761667,-0.34086613085395584,7,195.7,7.826525976300982
AV0561,avellaneda,42.82494534447786,0.0002025733895498841,51.737024406541984,480,75.0,3,0.4,4.830385586126556,3.8841251492037197,0.5345414374061366,-0.4000066753897227,2.3677609415024916,0.15810723469458207,-0.3627403936819792,7,47.4,7.8216141235918855
AV0412,avellaneda,11.832493273348708,0.001482494693036325,19.545283486477437,240,50.0,3,0.6,3.498488761667608,4.047705340512671,0.5686681526336269,-0.3766744648563326,2.243726846043148,0.14947825229903539,-0.3419988003093022,7,81.7,7.815427015038583
AV3996,avellaneda,31.435524810548756,0.004340554985001217,42.16573339464999,120,50.0,1,0.6,11.755949993623439,3.9094329965752137,0.5475056749998221,-0.3849579611503214,2.326338384842746,0.16486937307982955,-0.33263261786009024,7,77.7,7.812913764926581
AV3391,avellaneda,31.716411304493192,0.0016299198967996114,17.497596693637874,120,100.0,1,0.6,11.193539891150392,3.348641269493295,0.4843916943046461,-0.41241089560533506,2.6939640850595037,0.18781584276969987,-0.3498701064828492,7,239.2,7.81090928015737
AV0206,avellaneda,21.618342928025356,0.0008028505271298767,34.73452618864329,240,50.0,3,0.6,3.672053120375372,4.008681909022917,0.5581461886529251,-0.3782000630199582,2.250844334526314,0.15409451404535507,-0.3281110471064676,7,70.4,7.808125421540957
AV1505,avellaneda,3.032469255220602,0.002935298066254029,11.748378545496069,240,100.0,5,0.6,11.28040243145728,3.5106350628869527,0.5167531753231233,-0.4612089742861281,2.5869815605642135,0.17670861844042882,-0.41172467158354265,7,49.4,7.806765430300204
AV3300,avellaneda,19.801539028315844,0.0010481943548718445,15.264228158184567,240,100.0,3,0.5,6.51694319874568,3.3766964375037296,0.5081914971101851,-0.45118505183412705,2.661325751779389,0.18688264972649085,-0.3569024891874506,7,152.6,7.804141982178717
AV3176,avellaneda,16.93226790449542,0.0004854280807862057,29.68279166812138,30,50.0,3,0.6,6.005589662208314,4.085711225351799,0.555823739850628,-0.3718049710937339,2.1865354262357033,0.1485116695783381,-0.34664267904216106,7,70.0,7.8007366822353434
AV2986,avellaneda,25.470843196088367,0.0006252363295869018,21.6795456387662,30,75.0,5,0.6,9.591504076072388,3.6688524947567074,0.5366454317288463,-0.40260942564938884,2.4564902805440014,0.1695590117000702,-0.3339180889185263,7,137.0,7.799606010272708
AV1526,avellaneda,58.19184613002232,0.000688837713122372,59.4818127434793,240,100.0,1,0.4,2.846149196593217,3.9384597807601005,0.5398793259411924,-0.4066000706511658,2.2686537234978954,0.14901517274791148,-0.3621556118493208,7,35.5,7.792623986910957
AV1158,avellaneda,0.5019862307209124,0.0013493048110746887,7.5076710404390345,60,50.0,10,0.4,9.335172781693682,3.8063573291152735,0.6148768629708811,-0.543054656560871,2.3400020807112374,0.14967856634331292,-0.3383770768633076,7,368.3,7.786579795750305
AV0221,avellaneda,16.27499061557106,0.0006595207376075393,31.22777812635766,120,50.0,2,0.4,7.588397513640201,4.076907498034251,0.5526337697097442,-0.3947793910117434,2.1568162428190165,0.14421715529821993,-0.3636517239282694,7,58.1,7.783357827666995
AV3083,avellaneda,11.404524737711744,0.00029884972976195856,18.142609285817652,240,200.0,3,0.5,9.632985320480685,3.313514863908476,0.5717598670492243,-0.4336152850394865,2.651794848127474,0.2067814918174336,-0.38886891337322593,7,42.3,7.780572525372908
AV3605,avellaneda,28.07116846920796,0.0015244584505502252,34.62268743239963,60,100.0,3,0.4,10.226696859962187,3.9011726322393363,0.532330653827992,-0.360572493254931,2.260503886331895,0.1445703220852374,-0.36796527297476134,7,28.8,7.777066247909487
AV1957,avellaneda,0.8671251027534004,0.0011267649834260727,19.357064411027995,60,100.0,10,0.6,2.981757093316511,2.1363038923520077,0.24323418155253423,-0.6545039614906637,1.6655818836898575,0.07564194126342046,-0.3937628078646958,8,33.1,7.77282860219523
AV0157,avellaneda,57.73301068309063,0.0020626438639860865,44.04982842469038,480,150.0,10,0.4,4.351757537669509,3.888352752273935,0.5685170115387355,-0.3784206169315075,2.2490901923420434,0.1725420224868649,-0.3590231216583015,7,36.0,7.770858386735552
AV2452,avellaneda,49.368262700627156,0.0003812925759247659,42.735463395179444,30,150.0,10,0.6,2.886893211427202,3.4396556720098426,0.5202117443929346,-0.3871368391441138,2.5241120115618534,0.18495645552528733,-0.3496287818024212,7,37.8,7.761565896339665
AV1426,avellaneda,51.95077908875086,0.0002692217178199445,54.36292311569923,480,100.0,10,0.4,10.242985090630405,3.8863143262513717,0.5344111321949858,-0.3833263944708051,2.2312830503892154,0.14403692475751997,-0.3498863638389048,7,35.7,7.760501442700826
AV0352,avellaneda,42.01763435837558,0.0008554188240967062,40.477303536304355,60,100.0,1,0.4,8.33843249492999,3.70929197526182,0.5189838506678789,-0.38830051422592077,2.3375985061050035,0.15688836166721923,-0.3516862536202825,7,41.1,7.756156814041959
AV1125,avellaneda,11.39953586800676,0.00031871315843635836,17.78465427503334,120,50.0,1,0.4,11.579277396308493,3.9863748020924796,0.5594852339652115,-0.39470325548365504,2.1538865727442813,0.14711088185753213,-0.3566776397531794,7,98.9,7.755529610526083
AV1700,avellaneda,14.924367508148952,0.004544366403244108,21.751787323725154,480,50.0,10,0.4,7.070202830848189,3.9490423163828985,0.5491054068424801,-0.3895441032737835,2.1712839469548664,0.15221605360581636,-0.33458893400691525,7,72.9,7.75389241929261
AV3395,avellaneda,7.320710821098164,0.0014108616842972651,16.336402841621467,30,100.0,10,0.6,5.486774469208208,3.845700701570961,0.5524872538507989,-0.46254085937836864,2.240943196992704,0.14523215143397283,-0.33887882691287813,7,75.1,7.753420491617951
AV2719,avellaneda,1.4286535130522147,0.0012744948607151228,10.031189455653594,480,50.0,10,0.4,2.5141387333957157,3.525502919637165,0.5294958156640078,-0.4263780197296183,2.4521849325330427,0.1516995123581019,-0.36279906042509535,7,205.6,7.751502112894162
AV1252,avellaneda,17.085243577679684,0.001286098911859055,20.39338351096942,120,75.0,3,0.6,6.596484101650496,3.8429093021868383,0.5448921004050427,-0.38967117886799313,2.210953055881453,0.14921437379952293,-0.3355317896732777,7,64.7,7.73960690832627
AV3143,avellaneda,21.945069773023796,0.001473187483630686,19.754221293762477,240,50.0,1,0.4,3.3500485436548626,3.745644904057311,0.5214672015725154,-0.3994111724931827,2.2745604559406933,0.15619466812716928,-0.34816561398632984,7,165.0,7.7388513130015
AV2610,avellaneda,22.18131915751223,0.0015537875272055356,18.184101757138137,480,75.0,1,0.5,11.495791085755247,3.9343297375433735,0.5869390633188614,-0.4036723102828364,2.1478067107062406,0.1555505342805409,-0.35847940595118416,7,116.3,7.737747219466193
AV3543,avellaneda,11.185564169275251,0.005735934556889585,20.20797113341252,120,50.0,1,0.4,10.856697048288417,4.277397018488533,0.559859216307339,-0.40807905529376515,1.9230086640240156,0.13260909400773563,-0.36138026808486756,7,46.5,7.7374989157928935
AV3788,avellaneda,8.604299613264907,0.0030401092238436893,12.68982387133008,480,75.0,1,0.5,8.51959482392811,4.290699196561672,0.62300451154222,-0.40358603176695396,1.9066879945362296,0.14341755723634925,-0.3552696041277522,7,51.1,7.735376584841048
AV1708,avellaneda,41.08901214427058,0.0022179774206226898,32.92846113697184,240,150.0,10,0.4,3.065454853762663,3.450764527525672,0.5138134542452899,-0.3969797054793162,2.446435440399989,0.17461588503241182,-0.3648244206605341,7,38.1,7.728205112000658
AV2271,avellaneda,32.90605976516156,0.0006795441348741186,45.43371022421788,240,50.0,1,0.6,6.92348678673986,3.8831788816799104,0.5444790883341394,-0.39037077318818775,2.148581275538804,0.15649145410931484,-0.33652281192087685,7,83.6,7.724143186109927
AV0072,avellaneda,40.41808817001757,0.00024998050205353824,78.50268556495779,480,50.0,10,0.4,5.279618318457318,3.8365925479207084,0.5104097104471859,-0.4110148862589813,2.1781940747444324,0.14226041869912845,-0.3556730637130204,7,49.2,7.721205547684357
AV2068,avellaneda,8.902223942645154,0.00028581193259587614,18.330785227425427,30,75.0,10,0.6,6.80873788323645,3.7197007882733635,0.5351960839369603,-0.42025857213826384,2.2468508311398296,0.14754040627506945,-0.33792739322530907,7,109.4,7.7185206994034194
AV1551,avellaneda,12.55320143208512,0.0024265721172862537,26.190003738644744,60,50.0,2,0.5,8.715367728570955,4.131506675719893,0.5664290536844019,-0.39449637221456213,1.9745591817379746,0.14213210222731687,-0.35952163805517556,7,51.0,7.717802904392931
AV2809,avellaneda,43.62970743872795,0.0004078453344493096,46.44848689372802,30,75.0,2,0.4,8.466573093373192,3.7849527682340893,0.5128173256041809,-0.39170851068854967,2.1935084336297352,0.15247548396179808,-0.3399191997459275,7,62.0,7.714367512335796
AV3864,avellaneda,4.915374871127283,0.001905451201561319,8.596682924353338,120,75.0,3,0.4,4.720315361991625,3.548224032073487,0.5244832997367612,-0.4376102932840876,2.3505932424637463,0.15466076478586002,-0.34164895458947286,7,131.9,7.714108092638233
AV2039,avellaneda,17.54327761038385,0.00048610614472979443,29.202115375235067,240,100.0,5,0.5,8.688728261705265,4.056451775561111,0.582869704359302,-0.4003714113864589,2.0013266294027092,0.13680675130668168,-0.35449231590999264,7,30.9,7.707207517049489
AV0904,avellaneda,25.415468653874957,0.004294475338140335,19.81402034743246,240,200.0,3,0.6,5.519358725220827,2.9762378257516366,0.46637389446113053,-0.3966444484253407,2.70944283434455,0.18281177114914132,-0.36729397560975485,7,25.7,7.704707926335884
AV3076,avellaneda,13.488444391681682,0.004533359961566915,12.435820191867647,120,150.0,5,0.6,11.95936056522383,3.2537527751031283,0.5026743569454011,-0.4606320749437691,2.509118961757543,0.1846668171348974,-0.33737006293364175,7,49.7,7.699760506916607
AV0300,avellaneda,31.718935998759424,0.0018901834311311986,33.51263948990712,120,75.0,10,0.5,6.434071458684841,3.783916711911467,0.5596904141374889,-0.3973826375943099,2.1593668239165638,0.15288564358466283,-0.3609142195242748,7,63.6,7.697466082651211
AV0745,avellaneda,32.04218247989935,0.0006260909191721495,26.831562696601086,30,100.0,10,0.5,5.944223350767863,3.403837558481056,0.5135529741904374,-0.44035784049314314,2.40436975731639,0.16862555078617517,-0.36267043913407176,7,100.0,7.694847476051543
AV0240,avellaneda,26.889999616197375,0.0004992867793508652,23.877386185948758,120,100.0,3,0.5,5.442451658355478,3.4746057195657962,0.5250446797268287,-0.41248831266935665,2.34992393722178,0.17493032696090452,-0.35309065662728245,7,75.4,7.692656474378777
AV2618,avellaneda,0.6280854498591982,0.0028594882721203357,2.754142773535251,120,50.0,3,0.6,11.467290859539151,2.630595000735276,0.42378389576178055,-0.4755786163548874,2.88953104669858,0.18588551933367126,-0.34964838724823494,7,509.1,7.683359409546744
AV3688,avellaneda,5.600009804790246,0.0023101771625838037,8.292204838898448,60,50.0,2,0.4,8.892791321916722,3.6914682375644423,0.5233767753814319,-0.42292214507215253,2.1867317140710965,0.15050042061124075,-0.3453311306212163,7,139.1,7.6827899084129525
AV2571,avellaneda,25.201216833797737,0.0005152159091383445,28.58385406911229,480,300.0,5,0.6,7.366468550942103,3.174304199341605,0.5715178887976616,-0.46898208422682724,2.529490643994014,0.19521104705041764,-0.41448461891215627,7,21.5,7.681309856229092
AV2467,avellaneda,17.980879973097412,0.0002555738877477771,38.03073163723056,120,75.0,5,0.6,3.700676152652354,3.9237439679204487,0.4935109701014208,-0.3842857232821916,2.0291907596340204,0.13005180208431194,-0.3740340722575093,7,24.8,7.678221132042738
AV0378,avellaneda,31.935947224688245,0.0009720007393602061,44.54077520685207,480,100.0,1,0.6,11.73245693896536,3.9801356337741396,0.5244114274866443,-0.40886791025444835,1.9857086616782287,0.1330302277515566,-0.3572704933244677,7,22.0,7.676815776508102
AV1203,avellaneda,27.954226935304117,0.004926618318090493,39.831895013443194,480,50.0,1,0.4,3.5590727095675385,3.956099354013561,0.5475856937034569,-0.38267334484546156,1.9939006046256584,0.14407490866536315,-0.3498944227428001,7,65.8,7.674617405614276
AV2432,avellaneda,10.287096333653091,0.0009849976284774587,24.95303049501374,60,75.0,10,0.5,11.988846335660902,3.6890969135103746,0.5097899381375683,-0.42125816582141856,2.160680861241963,0.14045239264623885,-0.3369122876686015,7,40.4,7.670056915763579
AV2804,avellaneda,32.15260543932888,0.0007113893891041983,41.84945109811597,240,50.0,5,0.6,5.015417602751215,3.746937695276889,0.5187741039592656,-0.37567263131306394,2.1184089069352234,0.1556570675015664,-0.33859012606335454,7,88.4,7.669502474540241
AV1098,avellaneda,33.798461060196765,0.0031394185291422033,50.81074267806615,480,50.0,3,0.4,3.7066984493446236,3.8777580506591365,0.5290816149459661,-0.380992860493443,2.032148407920011,0.14372164987415997,-0.3504457282157273,7,65.1,7.6682651870587355
AV1026,avellaneda,47.24422766906288,0.0005236129888764906,37.702442666868535,120,150.0,5,0.6,7.036328988500642,3.5374784351181803,0.5247150976267531,-0.3919257964300414,2.2463232901140886,0.17389767560493055,-0.3388772571181471,7,38.5,7.6656681897081
AV1185,avellaneda,16.047082123234162,0.0025224760617416414,16.36001134083523,60,300.0,3,0.5,10.70943593501132,3.061413816794886,0.5932282496108037,-0.47927490002508416,2.5503074698510817,0.21837405543956995,-0.4324381602184803,7,30.8,7.65758614129351
AV1675,avellaneda,9.761577357755593,0.0003783678204586306,16.736073650641476,30,50.0,10,0.5,7.3991730598259515,3.7090686008578864,0.5541213025416073,-0.4193089907830472,2.1055277662921026,0.15889826298594198,-0.3495977330894493,7,178.8,7.651944072142321
AV3687,avellaneda,3.781168018585962,0.002677798092892006,11.946740496811659,240,150.0,2,0.6,4.620130464719702,4.026881003561233,0.6260439214448216,-0.48733529826178706,1.8933360242706638,0.14442313337326235,-0.3514363627522289,7,27.2,7.650533180894896
AV1484,avellaneda,50.994304943393175,0.00030648018272034263,53.52820742630946,60,150.0,5,0.5,10.133318567771742,3.958039287305265,0.5993439584789667,-0.3934076880170869,1.9383597182938417,0.1515180969651792,-0.3954741925679627,7,21.1,7.648066655626946
AV2373,avellaneda,17.562894004167283,0.0059317822685298165,16.80721207315028,120,75.0,3,0.4,2.0739608817929707,3.811652379152296,0.5480725537733615,-0.4068455380669365,2.0300540848303563,0.14781165997215434,-0.3484394274040278,7,53.6,7.64793861907288
AV3563,avellaneda,40.014502899133,0.0003051988329485225,45.2269141396103,480,50.0,3,0.6,11.798716270594097,3.6954217302997194,0.5040709290570393,-0.3930737942823362,2.0968308058524854,0.1518922058011649,-0.34060885399288965,7,110.7,7.643915226948055
AV3319,avellaneda,3.987295791579705,0.00033690543239223375,11.38530989683012,60,75.0,3,0.6,10.874483991139053,3.4888774170950456,0.508415844971034,-0.4293942395783233,2.2277111791783133,0.15020943908611478,-0.33202496078994953,7,127.0,7.641228513238247
AV0546,avellaneda,22.517810430966357,0.0029219001470766177,46.06687491011993,480,75.0,10,0.5,9.78209468923423,3.8696714390187794,0.5148217246716722,-0.38900366381265483,1.9781122406697205,0.126949081413195,-0.36447342255545667,7,22.8,7.6393394611667365
AV3625,avellaneda,12.793232751233898,0.000995503250763482,11.549846103513396,120,100.0,5,0.4,7.040586442415762,3.2626856561152167,0.48353513696405936,-0.43276561902222965,2.370752112120507,0.1680144487444631,-0.35563828783699136,7,235.8,7.637747005918132
AV2591,avellaneda,19.56488074446927,0.004711375466982114,23.362792753693988,120,75.0,2,0.6,3.37298975407906,3.9661807829755666,0.5429980173155363,-0.3857969639641851,1.899125649143358,0.14695491792358006,-0.345476867376874,7,41.3,7.635488558398456
AV1532,avellaneda,1.6021196822264832,0.005062815714303622,8.83397726278859,240,150.0,10,0.4,11.829146758826074,2.3296542530502777,0.4733254224408247,-0.8665595698255493,2.9684164083638533,0.23170703591276287,-0.33801906816956034,7,68.8,7.632939078461666
AV2120,avellaneda,42.27339709297777,0.00024500626849519567,44.82318822193351,240,50.0,1,0.4,7.9501754551726265,3.569034185246683,0.4954891131873155,-0.4052174956443378,2.1545133496142337,0.15076688464742438,-0.34709214446995246,7,129.4,7.631477085004007
AV0270,avellaneda,13.489436734108937,0.00032075095428780174,19.417677960153064,60,150.0,5,0.4,11.599037189672291,3.7582357195089733,0.5732223048252125,-0.43308938585199935,2.0249136239541143,0.15304620957396037,-0.33097167369092856,7,59.0,7.6310672429765045
AV0182,avellaneda,20.226035280291125,0.0015550719089072005,48.00144055914149,30,50.0,5,0.4,8.192521948056422,3.9475227322657234,0.4884453075618458,-0.41004736541139214,1.9024620958604082,0.12344182648750941,-0.3742433595504735,7,36.2,7.627785507362874
AV2995,avellaneda,8.167551581555365,0.0020120504532225125,9.940669842056716,60,100.0,5,0.5,11.801295983661102,3.1368264124884546,0.5017822020180956,-0.4805523380467457,2.4260182721759116,0.16788219804790422,-0.35842085569667687,7,147.4,7.624681470727729
AV0874,avellaneda,24.330607505691578,0.005177404035863761,14.511415937409316,480,200.0,10,0.5,8.214447440234075,2.8423838055748973,0.4713024768184205,-0.5283638697530659,2.6141057546735462,0.20748988848081718,-0.351625256246607,7,88.9,7.624564406979235
AV1167,avellaneda,41.32645045163969,0.00020367440532053217,72.38720034723839,480,75.0,1,0.5,3.5453497113408776,4.12720292307359,0.5486107770199596,-0.4289162904436125,1.7715348419305854,0.12311219029760649,-0.36366775975986454,7,27.2,7.623380465429058
AV0544,avellaneda,56.43998300002643,0.0006700497498529193,52.28526804421052,30,150.0,2,0.6,10.550935912045986,3.71181970085918,0.5468840867514809,-0.3641895981681955,2.043084259261171,0.14208106446979402,-0.39117337917594336,7,21.8,7.620829909332309
AV2318,avellaneda,58.7071358284477,0.0011542517938959395,53.21748783762259,120,100.0,5,0.6,10.67871636649946,3.5045875288798194,0.48412054606690624,-0.3892887126493224,2.161307718954474,0.15359127171028375,-0.3503667725664127,7,42.2,7.615230027576298
AV2046,avellaneda,27.67181954762922,0.0029910771350059426,53.75959288783505,120,50.0,5,0.5,6.595053710486262,3.819988285010963,0.5175045341550448,-0.42186712673463256,1.9526566028679817,0.1376464938146619,-0.36735155085711085,7,48.2,7.613662583247628
AV2116,avellaneda,16.547021425708294,0.002576501164294449,28.06158718412688,30,75.0,3,0.4,6.543039016995688,4.091047426565684,0.5199812098296879,-0.3924614233134162,1.764612763540741,0.12423845276832798,-0.36915687819344384,7,28.9,7.609179635092898
AV1921,avellaneda,5.97126112801485,0.0020220409883840063,25.78015192901023,30,50.0,10,0.5,11.556989399486616,3.8602950203440884,0.4639728944689542,-0.3909946848736581,1.904980578942732,0.1241327486222217,-0.3855961120957363,7,32.7,7.602124619791491
AV1289,avellaneda,0.608391216417367,0.0003062867763104445,19.052392114611045,120,100.0,5,0.6,9.178886768437925,1.468023910596419,0.2374492488648757,-1.0537868800984507,1.7286500908959206,0.16631501522469624,-0.5242593144739658,8,26.7,7.600149356431628
AV0016,avellaneda,29.47786983120458,0.0008713964906737687,19.341481979292585,240,100.0,10,0.4,5.815266905319019,3.171210306713055,0.4582675728749982,-0.43121268416460223,2.348172279223042,0.16498795753159354,-0.3728023437665797,7,228.2,7.598871513640819
AV1609,avellaneda,28.693197586309033,0.0002715291220954003,68.08843060593215,30,50.0,10,0.6,2.989539401491568,3.6588061429808825,0.4567729776055057,-0.3761235914487588,2.0218521463042833,0.12952408838230076,-0.36913180497191206,7,37.2,7.595689327503461
AV0271,avellaneda,17.03500908252526,0.0006100260334597351,18.036186976484707,240,150.0,2,0.5,11.491966057371105,3.255548340335688,0.5135196673159389,-0.4143311743867162,2.271396608721269,0.17025279003167088,-0.3916192254371891,7,53.9,7.58891604570158
AV3858,avellaneda,10.74104751654178,0.0003693480661065015,27.23469201817269,30,75.0,5,0.4,4.998157319114708,3.9742095928768117,0.511412671355196,-0.40929739414596045,1.797249348270697,0.12010539454924585,-0.37495935220549653,7,33.3,7.588135955016468
AV0953,avellaneda,39.228464351305,0.0012794121131943633,56.17177969599613,60,50.0,2,0.5,3.4031454762530093,3.5395668386987738,0.5125193610745046,-0.4117035182153449,2.0711384459933475,0.15371321061080742,-0.3627114358394647,7,82.5,7.584416723005136
AV0126,avellaneda,14.468459796563309,0.002316212136662264,16.05795604476598,30,200.0,3,0.6,6.535634753604109,3.098990295563249,0.46495503743741573,-0.4629169416475998,2.354585659161224,0.1731364134726191,-0.3247625200247421,7,33.3,7.583625797167851
AV3955,avellaneda,36.59050801819095,0.0012054933149816137,32.02197895121664,60,200.0,5,0.4,11.511831175818163,3.4890671122706536,0.5288570715300084,-0.4221638188614452,2.097718849242457,0.14691826207028316,-0.3413454663894299,7,24.2,7.581966348822559
AV3051,avellaneda,7.7700792722879415,0.0007317039348087979,23.06929975509908,240,75.0,10,0.5,6.805650872001252,3.508282558570668,0.5008241719647122,-0.40250544478478334,2.070523678143353,0.14000777647346513,-0.34472430319066916,7,41.4,7.574737586662147
AV1640,avellaneda,4.484445985650017,0.0009817968939372257,10.375606901445982,30,75.0,1,0.6,6.178646844910224,3.9756650108373592,0.5478050076053751,-0.4301540479476171,1.759205077330476,0.12766207782845593,-0.3567219913695408,7,69.3,7.573151434794027
AV0487,avellaneda,8.678404445070436,0.0015919664336356404,22.998150654390066,240,50.0,2,0.6,11.78388712108082,4.004965639778313,0.5082621862656034,-0.3613874009750907,1.7382541426793279,0.11422254223571326,-0.3608739810211046,7,40.1,7.571189420656784
AV1106,avellaneda,1.7043752314687097,0.004928396161480282,2.8093825081732806,30,50.0,10,0.4,2.748163592923504,3.2596543677201795,0.4879843234039745,-0.5343070810955215,2.2176329465117814,0.15739093086304273,-0.34177114268211883,7,389.6,7.567916142154472
AV1660,avellaneda,4.031399770074795,0.0005246170959311722,14.639967528160685,60,75.0,10,0.6,6.666791878531545,3.4546574324223327,0.5044921586328383,-0.42582455469575503,2.0915505787369755,0.13079953709806433,-0.3581334583882563,7,112.7,7.566570945622889
AV2319,avellaneda,16.968797809808795,0.0017202674433441794,34.712983465272075,30,75.0,5,0.4,6.76508376533014,3.792646064437906,0.48519449253979297,-0.38542069569133675,1.8684268216880366,0.12518861869990544,-0.37882545236521764,7,23.1,7.5658714514450685
AV0472,avellaneda,40.653806129825114,0.0004091149019251284,65.97852193919879,120,50.0,5,0.5,10.881995625704945,3.6073409495499837,0.5038358937530192,-0.39491472809897465,1.9867859392239313,0.14426183525615852,-0.3688142415310358,7,68.3,7.565668049844395
AV1044,avellaneda,1.952270943758932,0.000522932234511882,17.150401052213354,240,300.0,3,0.6,9.95283967295373,1.8528906006796084,0.4736859879333951,-0.8252711170746443,1.405921546996397,0.27574797297321496,-0.755768161284468,8,22.3,7.565245624513051
AV0921,avellaneda,49.82299717465113,0.00022624087981286715,34.96988851587393,480,200.0,10,0.4,8.523691278091604,2.9579488032258667,0.4680517995385525,-0.4231045928639287,2.399951140596028,0.17338741261143148,-0.3313254670554488,7,56.9,7.561354119221561
AV0892,avellaneda,42.32646102211381,0.00021065399886079493,71.64458445901207,120,75.0,2,0.4,10.70042746316033,3.9691189053296783,0.49873868970982765,-0.41923354394486523,1.7373280580740087,0.11917991702812288,-0.3685896643455817,7,25.9,7.559952311233722
AV1662,avellaneda,42.28642556580039,0.0008797661619200959,84.11863112500784,240,50.0,5,0.6,10.050754626881544,3.7874648384642393,0.48799245845160655,-0.36499570651347313,1.8046366368693814,0.12408062023712045,-0.3475380246131681,7,44.9,7.537400106272674
AV2939,avellaneda,2.729256328775538,0.004869086526504175,4.522638297138975,120,75.0,10,0.4,8.748379084684473,2.7784285640662083,0.4287955603350892,-0.5342057281130838,2.465238060696517,0.17348369740671116,-0.34756620521866355,7,229.9,7.535910420012713
AV0362,avellaneda,43.984059954055056,0.0005003995100957552,42.9663800734123,30,200.0,10,0.5,4.199524938864067,3.1612936409940593,0.49240301569015904,-0.4537082925552568,2.1998617930042585,0.1638850194384904,-0.3474938274014312,7,21.4,7.530587071061128
AV2338,avellaneda,7.308539845322682,0.0004899328784867997,27.18827660628298,240,50.0,10,0.6,11.863492675715364,3.5964826326399346,0.45441469113113814,-0.39628065723469263,1.9142072206199288,0.12262796841162164,-0.34035066978807665,7,38.9,7.529727236356594
AV2174,avellaneda,32.30335224570284,0.0002162306793566908,46.24282150693926,480,75.0,3,0.4,10.744996410607799,3.9157213025522837,0.537197135895627,-0.3837206552571661,1.6838325939816774,0.11718064792526092,-0.3669002760570584,7,36.3,7.519801493328037
AV2261,avellaneda,1.878062522453602,0.003132662450874261,9.121826946950268,120,50.0,2,0.4,11.782183536664771,4.183643656538195,0.4856752061319112,-0.41969807480907545,1.487975908152849,0.0882713271293851,-0.3577555456368827,7,45.7,7.510278629062379
AV2316,avellaneda,23.410540991991326,0.0006446823260293921,14.298514712329846,240,100.0,2,0.4,7.893537165654536,2.994390355875194,0.4417698805374057,-0.4162464321528751,2.2583804034387396,0.15878854330524703,-0.3608209335115134,7,350.9,7.50564211576372
AV1339,avellaneda,1.3071446424561437,0.0009601129949566139,6.227744901171284,30,50.0,2,0.6,5.727642215683237,2.865461827612172,0.43135053413298186,-0.4829611979309448,2.3355491907819492,0.15835735939392542,-0.32996040188781994,7,293.1,7.503506648773774
AV0912,avellaneda,13.514685885125921,0.003327053045552862,16.627903362045117,30,200.0,10,0.5,10.863699283687339,2.6039752462553167,0.4375961437175938,-0.509590002107725,2.511776067899091,0.16961563244198258,-0.36359837536738265,7,47.4,7.503245152504502
AV0077,avellaneda,27.960985762604142,0.00021333773526899336,34.32396931361456,30,150.0,10,0.6,7.146882906072027,3.4645376133445405,0.512367820164156,-0.4210926147215105,1.9355510541243206,0.14189212273313387,-0.33693499270961186,7,35.5,7.501494528615382
AV1923,avellaneda,0.8497374421061135,0.0019020037249336103,7.222467080914619,120,100.0,2,0.4,10.64499505683722,3.0688296188702617,0.49512403089735385,-0.5409282507295575,2.1977141398462487,0.1442007928700132,-0.35180121100278483,7,95.1,7.500048239361326
AV1798,avellaneda,56.53709015957759,0.005340369276937615,97.86683145875142,480,50.0,3,0.6,5.547662513357467,3.6410145512045298,0.4751700835902411,-0.3811957973991593,1.797975548629227,0.1277045505200804,-0.35302385172541106,7,50.5,7.490428295182593
AV1971,avellaneda,46.790147506458325,0.000563768458072147,55.16048197623946,120,50.0,3,0.4,10.57831398628855,3.2265280766094713,0.44047034063866886,-0.41196819697084724,2.0567579695730727,0.1475330844645032,-0.34802924730642193,7,101.3,7.4844204012094995
AV3641,avellaneda,17.59011118905736,0.0004413699915386837,21.259951066917555,120,200.0,1,0.6,2.8146933870357054,3.668057488399235,0.5490902397132013,-0.40247730402796156,1.7727571318618858,0.11873087502465389,-0.3958645003511264,7,21.7,7.483904555838524
AV2701,avellaneda,4.9640948080914935,0.0008851460292481888,19.911354748710032,120,50.0,5,0.6,4.474301505970271,3.5903271425970926,0.4606317661447993,-0.3824142951664544,1.8161318497882224,0.12074733753256257,-0.37156529587457043,7,42.8,7.481723344433959
AV3532,avellaneda,34.617361642101116,0.0005813039015392964,62.02067763374316,30,50.0,2,0.6,4.635917506482681,3.4440631778230175,0.46189824052169925,-0.4491533598593742,1.90990816783014,0.1278569754883556,-0.36226214899954357,7,54.4,7.481170457969564
AV3042,avellaneda,8.049436005042953,0.0021922695708083105,12.645484561322418,480,300.0,2,0.6,10.905702954512636,3.261443507328445,0.6129437474808656,-0.5750349128967355,2.0334420996267326,0.15620843177935242,-0.43523507374540715,7,36.8,7.479864567148187
AV1336,avellaneda,49.32343980467149,0.00481542468606736,24.540227755088406,240,200.0,5,0.5,9.35447475579195,2.9683238916135495,0.4770173202346741,-0.4651819474379409,2.2115626638385364,0.17699204879202263,-0.33945418949402667,7,87.3,7.479492478745127
AV2595,avellaneda,16.675269907716338,0.004762074238456127,8.425557527620004,60,75.0,10,0.4,5.387761913589372,3.130662857445208,0.4568140740397085,-0.4349542568990364,2.092448165531103,0.145840744580084,-0.35365613618561836,7,272.9,7.471248423117829
AV3139,avellaneda,4.234412652078912,0.002698395754950328,4.818201195734506,240,300.0,3,0.4,7.645180329999971,0.6591097085916551,0.12837918877758603,-0.7794301283023923,1.946232646203584,0.1993269117518521,-0.3909233685998697,8,316.5,7.4660283541932655
AV2175,avellaneda,6.009016208051566,0.001382416136306247,25.22015896647681,30,50.0,5,0.4,4.007252275823569,3.8376475165765966,0.4363429872089273,-0.3817222865678741,1.610932692372467,0.1048222734775627,-0.37023245882790434,7,29.1,7.462385800889121
AV2313,avellaneda,2.519873877231158,0.00026934039220804514,17.129168811841815,480,200.0,5,0.4,3.4125987818726458,1.897233691856838,0.4653788093302592,-0.7456819001084296,1.1644844472115352,0.16898493293908362,-0.7461213202686849,8,42.7,7.461939624221248
AV3554,avellaneda,15.151524990528264,0.0005041088323235028,47.62722085136714,60,50.0,3,0.5,11.03618688975023,3.698479614096347,0.45671436450787767,-0.3901296908376753,1.6723005118837775,0.11417933350354906,-0.39528076432001397,7,27.2,7.447496615397688
AV0343,avellaneda,0.7015668826721126,0.0018640515673135865,7.872836950694434,120,50.0,3,0.4,10.158495736602813,3.345988904655416,0.4535365025184019,-0.49811888121774245,1.900795454724058,0.09146110074079117,-0.3309887396127488,7,106.5,7.4466121897049495
AV2648,avellaneda,12.77108991919576,0.00032418533877005807,43.156549516864345,30,50.0,3,0.6,3.9270085818288174,3.400537471367484,0.40177699587889215,-0.3594944292384753,1.860364371777101,0.11153134280151789,-0.38681275558688866,7,25.4,7.44303895079885
AV2825,avellaneda,5.06636447739116,0.00036145216245583693,19.478189267197077,120,50.0,3,0.5,8.59270401383925,3.714383201983228,0.4772417189174921,-0.3678286216133165,1.6468900928798729,0.10822826135198194,-0.3525671929777673,7,45.3,7.442919731720404
AV0389,avellaneda,3.2719358181937914,0.0014993342904174151,3.7956785400494466,480,50.0,2,0.5,5.022889392956776,2.8228872060771883,0.43139435323901126,-0.484186545321736,2.221113189274829,0.15713177351033664,-0.3754970798510112,7,929.3,7.436407814086596
AV1398,avellaneda,25.80423761096118,0.0038611868178567636,73.6534468830028,480,50.0,2,0.5,6.1741276059714085,3.759247333936954,0.4664502162245481,-0.3879846680164883,1.5590380049016732,0.1045266919963342,-0.39331537438658415,7,26.2,7.414104515283351
AV2392,avellaneda,3.3657066220097804,0.0019253424414472633,14.990828790425875,120,50.0,3,0.6,4.116048804285191,3.7426919888543138,0.44260247829872784,-0.38564314941404515,1.5657247619363193,0.10050520192830481,-0.3609157121964563,7,39.5,7.413769212950115
AV2213,avellaneda,10.553935494289645,0.0003541418581923778,13.485826782018428,30,150.0,1,0.6,4.788720116508424,3.1919328930411934,0.4849602111810746,-0.4045638835156933,1.919531333341812,0.15038183304777883,-0.336587348471985,7,66.0,7.413204273651677
AV2225,avellaneda,2.8987311785995806,0.0019339051619552661,3.509166045309792,30,50.0,1,0.5,9.511209492135897,3.088674492117757,0.45691154194364936,-0.46742150824953566,1.9816944135584755,0.15115687809048722,-0.35352945186652507,7,419.9,7.409245616871888
AV2713,avellaneda,41.56732386662901,0.0029480298253519166,81.40306188169133,60,50.0,10,0.6,6.734318212715199,3.496515793664988,0.43896555204021565,-0.3830870906423661,1.6958603786910955,0.11673230401429646,-0.3588544636207189,7,43.4,7.399899225014391
AV3289,avellaneda,6.994935556257372,0.00038810379948202474,27.14129637618312,480,50.0,5,0.5,3.0792891306824104,3.441311554195687,0.44025333219035023,-0.3919649103833763,1.719040665365629,0.10988746686931698,-0.36781725242737595,7,32.8,7.392683727877142
AV2320,avellaneda,34.635983602929194,0.0013036703725153437,105.33609535691139,240,50.0,3,0.5,9.639063985582997,3.7537535223940983,0.44301300210143546,-0.39592654568119545,1.4938086434554458,0.10089150290171164,-0.39716651722343155,7,24.6,7.382581275471912
AV1108,avellaneda,37.392733099190885,0.0012013947159674751,24.50186268818705,120,50.0,1,0.6,9.54234736547285,2.9592663064578835,0.4010341838197201,-0.4060977524355622,2.003274314887009,0.14356161429461461,-0.3548655032126044,7,345.3,7.3794463325873325
AV1847,avellaneda,4.409135006937093,0.0036344720982961214,1.880752763002952,480,150.0,2,0.6,5.96718472848419,1.1539457678675806,0.17915526138159293,-0.613573574382226,1.4198101657773488,0.11020873538652631,-0.37163082672101155,8,805.3,7.371617154187743
AV2224,avellaneda,11.179920972106428,0.0005528131456257754,21.380948849150233,240,200.0,10,0.6,7.799258200245529,2.7761368335823646,0.42941567354130894,-0.5235779621311849,2.0919225706555835,0.16534970734731358,-0.368198428406904,7,44.8,7.3653422777530935
AV0817,avellaneda,2.0059055481440575,0.00040309941017424025,8.853401953693773,60,50.0,10,0.4,10.758469516931605,2.9662263374389655,0.4518302362508475,-0.5115893240783226,1.9629454377907813,0.13494658778448868,-0.35142644384151933,7,471.6,7.36290348862981
AV1009,avellaneda,5.086896081329239,0.0019619440319594483,24.572067314323238,60,75.0,10,0.4,3.848635951481876,3.2584554804599306,0.36651856347961254,-0.3859999301641801,1.733551562826115,0.09998472034488075,-0.4099067148227914,7,21.7,7.341039222147955
AV3203,avellaneda,19.209780690963882,0.000250030652311156,62.91273164247496,480,50.0,3,0.5,3.518759677517989,3.4656471229414394,0.4274057990031797,-0.3749798780063793,1.5866137666816775,0.11098978271951636,-0.39628947826437066,7,23.7,7.3387721458108865
AV1043,avellaneda,46.51181286441808,0.001095841784918323,39.99301644527639,120,50.0,1,0.5,10.994072549748598,2.874436196694385,0.39673705652697394,-0.4388300995842655,1.9419327724115767,0.1448777658774943,-0.3730372566102051,7,188.8,7.325408592467113
AV0457,avellaneda,49.32096686250819,0.0004059046521152126,36.53256949136688,480,50.0,1,0.6,7.055683657092206,2.8878963597310388,0.3932682318933603,-0.42007318845095143,1.9253102864990776,0.1400767536698113,-0.3525400174920651,7,258.9,7.322812276087958
AV1914,avellaneda,54.15629960401857,0.0013369958829139198,60.27178615838405,480,50.0,10,0.6,5.929963842763186,2.9063487799414545,0.38818285969716093,-0.41467055107221307,1.913031767832159,0.13663781964853294,-0.35107840605178353,7,100.9,7.322635250715684
AV3960,avellaneda,7.181292133599836,0.0012124709764418367,27.574212775826805,30,50.0,3,0.6,2.9336119040077984,3.451178102699496,0.397853149597302,-0.36059676823100745,1.5430893504020466,0.10705086681125613,-0.37161513998591544,7,24.7,7.316010799436516
AV3585,avellaneda,57.510543438103696,0.0009707014670148237,38.853742674344716,30,75.0,2,0.4,10.542591536195012,2.495163897824384,0.3488192913344701,-0.5084395251668502,2.1610620304504624,0.15591052085011325,-0.3697658549900916,7,153.6,7.311313973418627
AV3266,avellaneda,2.142630345548599,0.0026410662038227916,8.434705973500268,480,150.0,2,0.5,7.19323568471135,3.4158424707076613,0.6094486996897558,-0.6225010381514403,1.5573213787075462,0.1770683456458155,-0.47949909660392226,7,59.3,7.310942883486124
AV3024,avellaneda,40.16362546184809,0.0032659302600352093,60.39995133211096,30,50.0,3,0.4,8.28252561923868,2.8396333865651964,0.37822934457104573,-0.6217999172332384,1.9147173319503232,0.1359856824606468,-0.3596436233555505,7,65.7,7.302813052542724
AV0377,avellaneda,1.5077514959572058,0.0031601495902407544,8.364143886636949,60,150.0,10,0.4,3.814064559409545,2.8816517707261737,0.6089979910133789,-0.6943768193036157,1.8823829377264556,0.141176390794506,-0.3912686257650967,7,127.5,7.299385846912412
AV3637,avellaneda,1.366492959762208,0.0015983892739036883,20.029850578102167,60,75.0,10,0.5,2.0860675668746422,2.572668207050591,0.2607583602370541,-0.6179795879764606,2.069458128379347,0.09056667917905906,-0.3131468723103535,7,26.2,7.2915131418815875
AV3922,avellaneda,26.306828065928194,0.0012406207467667494,84.36023030687839,480,50.0,10,0.5,2.0616744683039494,3.457126710863631,0.41255010336297165,-0.38868888398043056,1.4887408851960564,0.10093519054207718,-0.39882073320422934,7,22.2,7.291216982848428
AV1528,avellaneda,1.5259877952693524,0.003163499800952312,13.037500204212627,120,50.0,5,0.6,11.632141219166591,3.247797814908572,0.31743437290348264,-0.4075539753837256,1.5905557608958756,0.11592638656579765,-0.4004902075841892,7,33.5,7.275334135345929
AV3708,avellaneda,23.28882049962568,0.0022240723384806325,21.380484379349614,240,200.0,10,0.4,4.728180619670085,2.6080547061991135,0.4240146992675782,-0.5366018634052125,2.0048649431986743,0.13855144907298927,-0.37150199486803104,7,50.3,7.273399632532895
AV2628,avellaneda,24.824899076512764,0.003292788846565707,74.79726669417092,60,50.0,1,0.5,5.1319801859474445,3.713117168546743,0.4496288048639162,-0.38501731349329926,1.252526204742375,0.0850114936774462,-0.39534316980618317,7,23.7,7.260652272003917
AV0453,avellaneda,1.2484660735847706,0.0022798571741607003,9.576789137872133,240,300.0,2,0.6,7.533394466546535,3.1361870246670924,1.0629884734394965,-1.1201963085490387,1.65558291192254,0.1997177103158738,-0.7951650044550479,7,41.8,7.254135934323238
AV1435,avellaneda,2.1581949927235304,0.0002539125283355867,17.31707209820202,30,50.0,5,0.6,11.46886785546413,3.1651446487255095,0.3825272432659458,-0.384250095860898,1.5949508099416934,0.0988869695757785,-0.3926012831528351,7,57.3,7.251626139668308
AV0850,avellaneda,0.5376252206289658,0.005695456595434257,10.258234582160352,60,200.0,10,0.6,11.233173115229148,1.2423603726980936,0.44243461068439693,-1.438245413261484,1.1071006635615679,0.21006853273959133,-0.809276308241806,8,37.4,7.239152314536792
AV2191,avellaneda,5.659580411605874,0.002344337669532191,14.075076068682302,30,100.0,1,0.5,11.493203009169411,3.8177487609524805,0.5014664803352044,-0.4273607753092801,1.1211425877601697,0.10400748448199555,-0.42768045233699015,7,20.7,7.2324985643961615
AV0782,avellaneda,9.77014827225874,0.00047027665654681176,26.602395457246047,240,150.0,10,0.6,8.878621307271905,2.4682898801406044,0.40518759564448914,-0.41408164186197605,1.991743218170318,0.14321591353369512,-0.43446568815721553,7,22.7,7.222160744012087
AV0294,avellaneda,54.5752325728217,0.0006877257326463727,36.94353372382045,30,75.0,1,0.5,11.67893840972228,2.2996752736272086,0.3184532703635031,-0.6812894045659778,2.085465726763088,0.15517818090965374,-0.3835793354520138,7,169.2,7.217761653477204
AV0762,avellaneda,6.559588767016283,0.0010719541503885985,20.702579083547807,30,150.0,5,0.5,4.661548808905487,3.0036872535926236,0.4650148666234945,-0.5126657432291358,1.6101054663226424,0.14760668478299704,-0.43393869088224163,7,24.5,7.211425849252682
AV2655,avellaneda,6.552949643289153,0.0003210218894490489,8.786108339181059,240,100.0,5,0.5,3.3424054148170494,2.613360712497134,0.4121353886453635,-0.45847478410418263,1.8462186869940518,0.15003024908808765,-0.3660097169609435,7,488.3,7.204848459805855
AV1785,avellaneda,5.838679413083859,0.0009719455263516003,25.40199243197766,30,100.0,10,0.4,7.57838068808841,3.0705376891041283,0.3772838945497969,-0.4891605999685453,1.5522296690868993,0.11541132326433942,-0.4185730620463619,7,24.2,7.203783179958709
AV0499,avellaneda,0.7906267582417844,0.0030902249188538723,14.340191044709794,240,75.0,10,0.5,4.768326461837891,2.4593136404671716,0.28090465323380887,-0.7735921077672537,1.9277270598476932,0.10872698798203236,-0.30278099498802474,7,41.1,7.195802568410896
AV3011,avellaneda,50.35998008443558,0.0031093961569442184,69.49208432345783,60,50.0,3,0.6,10.662229055526234,2.685098808532225,0.3649572389766509,-0.5602261438282039,1.7620282161912655,0.12947891686229196,-0.3699718216569454,7,72.4,7.186602343895304
AV1547,avellaneda,56.67819878931778,0.0015444201267002307,69.90756103614434,120,50.0,2,0.5,6.995084077875477,2.577703340257748,0.35811908777789,-0.44168219365225014,1.73919699186528,0.13306825983646922,-0.36877633768539453,7,97.9,7.144468528942495
AV2887,avellaneda,0.7287127596326433,0.002141225658198857,3.1682516337354913,30,75.0,1,0.4,2.1185576832650606,2.268479521321175,0.3547034043258245,-0.6256837050114518,1.9188804703410103,0.12984893930695943,-0.3413870960958411,7,272.6,7.133944757428614
AV1022,avellaneda,1.8561255842528612,0.00021264902735803246,7.4265010698554565,240,75.0,5,0.6,3.365813862301236,2.240712458644725,0.3776914633570432,-0.49115694509811875,1.8962362348306327,0.12955698133006627,-0.36416615688252935,7,576.0,7.114034632360656
AV1016,avellaneda,7.842185238070222,0.0002176009604182076,17.792640217287577,30,200.0,3,0.6,5.37790875770697,2.4773811660489584,0.3948178967763088,-0.4864876886907041,1.7324714104255405,0.13062423996959843,-0.333920890411664,7,44.5,7.113241170279049
AV1236,avellaneda,0.7308236027196227,0.004068347799156275,5.048817666287175,240,300.0,3,0.4,9.717955640629622,2.2967362354539604,1.060758938040106,-1.723070279899712,1.9174874696861397,0.2803019054393608,-1.4545736519925232,7,100.2,7.08703996531055
AV0607,avellaneda,8.515938638504675,0.002727060177467058,7.221707314266023,120,150.0,5,0.6,4.256855753083972,2.0730255961121364,0.34085191997969566,-0.4606493220589983,1.9275556394179805,0.149905108017776,-0.3703587419199721,7,242.5,7.079078600697956
AV2904,avellaneda,3.992120379596567,0.0008300748552807187,14.19999680303466,120,100.0,1,0.6,7.3818474705455,3.698211887586679,0.5018392862900474,-0.4356422431920146,0.8635338225203301,0.07103995225675681,-0.43701923146240007,7,26.0,7.077515828702949
AV0751,avellaneda,0.5453865082993451,0.0004773073271782788,18.770934001762217,480,150.0,5,0.4,4.261336847257694,0.7295964192794965,0.24830331893186486,-1.4844529372239594,1.0708809128334986,0.12169905911669776,-0.6168408999645181,8,25.5,7.073500807290388
AV0331,avellaneda,6.062684186811514,0.00023870084438414445,12.195717181242127,30,300.0,5,0.6,6.277533272568803,1.569143879561974,0.3231223213304766,-0.7107480728582414,2.2404173510831398,0.19223716235671964,-0.5522536360228697,7,188.0,7.061174726683171
AV2422,avellaneda,1.4826765971522933,0.0009365050464250576,13.11576981206694,30,300.0,10,0.6,6.3137322982655055,2.6210914928381346,0.969794600029678,-1.2707915645930006,1.535592461251484,0.20826722199522738,-0.7318851471638481,7,121.5,7.050092324344396
AV1201,avellaneda,18.852836916552224,0.004128471347394761,9.901831189932848,60,150.0,5,0.4,9.676468239622967,2.259527341433146,0.33326381626072726,-0.47471036543802253,1.7291668759564722,0.13422595029346301,-0.3786338428820272,7,177.9,7.044003342060913
AV2792,avellaneda,1.8586996666060982,0.00039101187666848404,16.83023248070939,60,75.0,10,0.5,7.229599988861162,2.809255576276098,0.3880169364057419,-0.4970739307446456,1.2756877261893327,0.08067597341422332,-0.36523592796733284,7,67.3,7.0013760718631275
AV3968,avellaneda,4.377946495300591,0.0011412215231004462,23.67779170780926,240,100.0,10,0.6,4.406579662062525,2.2582614209400367,0.3137098216159647,-0.4427847299731184,1.6060543258223354,0.11890292648433934,-0.4093307279673172,7,21.1,6.9851552633427705
AV1656,avellaneda,1.041649792624449,0.00043291018639121675,23.318124536012423,60,50.0,10,0.6,9.37825630884625,1.862825311233023,0.1315253164344158,-0.38845970438214866,1.7261634299454123,0.05904243762571606,-0.3451552977597566,7,27.5,6.919635213989815
AV3511,avellaneda,15.530360287201077,0.0021092961355440743,9.07705914160245,30,150.0,2,0.4,7.830427890084939,1.9546588857573084,0.28713572933167597,-0.5472878225006934,1.6439323421920853,0.12771775100018204,-0.3791428158712188,7,271.7,6.913636070841373
AV2138,avellaneda,0.5777556872253942,0.005317041301011272,9.214113138571262,480,50.0,5,0.4,10.63730995433621,2.021142822182523,0.160656744737309,-0.6339280763803253,1.6130432440629838,0.0997325145807099,-0.5125625855019279,7,32.0,6.909437152519441
AV3390,avellaneda,58.90195701465728,0.005204006935231053,67.97975260641545,60,50.0,5,0.5,9.363608851226504,2.1530082991044277,0.28038886579829525,-0.5068862024377814,1.4980314406766648,0.11867090318683768,-0.3895898022131587,7,97.5,6.906134922157985
AV0789,avellaneda,0.9224342217432256,0.0037460733745940163,7.494294685866404,60,100.0,2,0.6,2.298815224344098,3.1903352363586976,0.43165906172392166,-0.6195369513733385,0.8167611864500547,0.059781970842534074,-0.46508225530316855,7,33.2,6.901520727159347
AV2480,avellaneda,1.0799100715024093,0.0028121994426602093,15.236141551902088,480,150.0,10,0.5,2.2317692978641905,1.9804154482789695,0.36961506141864264,-0.8407831064524542,1.5279370276968864,0.16708124001901342,-0.47208898203067295,7,38.1,6.866737457226971
AV3257,avellaneda,2.083755354540908,0.00022356234902705,13.796138056971358,480,100.0,1,0.5,9.792167476334717,2.957752058806835,0.39656175682575484,-0.4633702003143298,0.854109699424975,0.07090539690963851,-0.44638355484094067,7,31.6,6.850564400845604
AV2357,avellaneda,3.1559758111333256,0.00046476655511132337,9.055093872868735,480,300.0,1,0.5,4.898769955565681,1.4113543906360342,0.3116438509102318,-0.8254955790529493,1.763965366472641,0.20246300473293197,-0.40401247221983794,7,100.0,6.809147024148944
AV3561,avellaneda,0.8826811655495663,0.0003523973431703332,16.357217553948534,240,75.0,10,0.6,5.11969348211313,2.23682166672562,0.30714810895970185,-0.6273650466020081,1.1372435255071933,0.08131683752176833,-0.3784626086708158,7,69.1,6.766603676977416
AV1730,avellaneda,0.8536733168517686,0.00031305053745698684,15.23152902598046,120,100.0,10,0.5,10.667624672078777,2.487170728974191,0.4284977363389098,-0.7410919604282935,0.7139029308730014,0.08009997157803626,-0.42680368269453534,7,83.8,6.64820731434968
AV0600,avellaneda,3.0037130885662484,0.00022940875863798556,8.344680853021675,60,200.0,3,0.4,5.301392581254258,1.4018402153541358,0.3084581481763253,-0.6702920280799299,1.199709666422455,0.12616368631714978,-0.3891659574510049,7,316.5,6.547164551954658
AV1017,avellaneda,2.055425043144012,0.0004210992887514346,9.999552284981977,30,300.0,1,0.4,10.07855833269365,1.691938596215173,0.47779233497224605,-1.1185729168244507,0.7790391409041358,0.07095016259164913,-0.9538815988885835,7,65.1,6.40659230934543
AV3881,avellaneda,0.563162931519531,0.0011014531061745425,18.862748655057825,480,300.0,5,0.6,10.012032654319738,0.7764833849843487,0.4331912896402409,-3.381996054155661,1.1115306022257223,0.23127705350201538,-1.2627104362579122,7,20.4,6.275873324601566
